ticker,name,gics_sector,gics_subindustry,start_date,end_date,cik,notes
A,Agilent Technologies,Health Care,Life Sciences Tools & Services,2000-06-05,,0001090872,current
AAL,American Airlines Group,,,2015-03-23,2024-09-23,0000006201,added_via_changes
AAP,Advance Auto Parts,,,2015-07-08,2023-08-25,0001158449,added_via_changes
AAPL,Apple Inc.,Information Technology,"Technology Hardware, Storage & Peripherals",1982-11-30,,0000320193,current
ABBV,AbbVie,Health Care,Biotechnology,2012-12-31,,0001551152,current
ABK,Ambac Financial,,,2000-12-05,2008-06-10,,added_via_changes
ABMD,Abiomed,,,2018-05-31,2022-12-22,,added_via_changes
ABNB,Airbnb,Consumer Discretionary,"Hotels, Resorts & Cruise Lines",2023-09-18,,0001559720,current
ABT,Abbott Laboratories,Health Care,Health Care Equipment,1957-03-04,,0000001800,current
ACGL,Arch Capital Group,Financials,Property & Casualty Insurance,2022-11-01,,0000947484,current
ACN,Accenture,Information Technology,IT Consulting & Other Services,2011-07-05,,0001467373,current
ACT,Actavis,,,1999-04-12,,0001823529,added_via_changes
ADBE,Adobe Inc.,Information Technology,Application Software,1997-05-05,,0000796343,current
ADI,Analog Devices,Information Technology,Semiconductors,1999-10-12,,0000006281,current
ADM,Archer Daniels Midland,Consumer Staples,Agricultural Products & Services,1957-03-04,,0000007084,current
ADP,Automatic Data Processing,Industrials,Human Resource & Employment Services,1981-03-31,,0000008670,current
ADS,Alliance Data Systems,,,2013-12-23,2020-06-22,,added_via_changes
ADSK,Autodesk,Information Technology,Application Software,1989-12-01,,0000769397,current
ADT,ADT,,,2012-10-01,2016-05-03,0001703056,added_via_changes
AEE,Ameren,Utilities,Multi-Utilities,1991-09-19,,0001002910,current
AEP,American Electric Power,Utilities,Electric Utilities,1957-03-04,,0000004904,current
AES,AES Corporation,Utilities,Independent Power Producers & Energy Traders,1998-10-02,,0000874761,current
AFL,Aflac,Financials,Life & Health Insurance,1999-05-28,,0000004977,current
AIG,American International Group,Financials,Multi-line Insurance,1980-03-31,,0000005272,current
AIZ,Assurant,Financials,Multi-line Insurance,2007-04-10,,0001267238,current
AJG,Arthur J. Gallagher & Co.,Financials,Insurance Brokers,2016-05-31,,0000354190,current
AKAM,Akamai Technologies,Information Technology,Internet Services & Infrastructure,2007-07-12,,0001086222,current
AKS,AK Steel,,,2008-07-01,2011-12-16,,added_via_changes
ALB,Albemarle Corporation,Materials,Specialty Chemicals,2016-07-01,,0000915913,current
ALGN,Align Technology,Health Care,Health Care Supplies,2017-06-19,,0001097149,current
ALK,Alaska Air Group,,,2016-05-13,2023-12-18,0000766421,added_via_changes
ALL,Allstate,Financials,Property & Casualty Insurance,1995-07-13,,0000899051,current
ALLE,Allegion,Industrials,Building Products,2013-12-02,,0001579241,current
ALXN,Alexion Pharmaceuticals,,,2012-05-21,2021-07-21,,added_via_changes
AMAT,Applied Materials,Information Technology,Semiconductor Materials & Equipment,1995-03-16,,0000006951,current
AMCR,Amcor,Materials,Paper & Plastic Packaging Products & Materials,2019-06-07,,0001748790,current
AMD,Advanced Micro Devices,Information Technology,Semiconductors,2017-03-20,,0000002488,current
AME,Ametek,Industrials,Electrical Components & Equipment,2013-09-20,,0001037868,current
AMG,Affiliated Managers Group,,,2014-07-01,2019-12-23,0001004434,added_via_changes
AMGN,Amgen,Health Care,Biotechnology,1992-01-02,,0000318154,current
AMP,Ameriprise Financial,Financials,Asset Management & Custody Banks,2005-10-03,,0000820027,current
AMT,American Tower,Real Estate,Telecom Tower REITs,2007-11-19,,0001053507,current
AMTM,Amentum,,,2024-09-30,2024-12-23,0002011286,added_via_changes
AMZN,Amazon,Consumer Discretionary,Broadline Retail,2005-11-18,,0001018724,current
ANET,Arista Networks,Information Technology,Communications Equipment,2018-08-28,,0001596532,current
ANR,Alpha Natural Resources,,,2011-06-01,2012-10-02,,added_via_changes
ANSS,Ansys,,,2017-06-19,2025-07-18,,added_via_changes
AON,Aon plc,Financials,Insurance Brokers,1996-04-23,,0000315293,current
AOS,A. O. Smith,Industrials,Building Products,2017-07-26,,0000091142,current
APA,APA Corporation,Energy,Oil & Gas Exploration & Production,1997-07-28,,0001841666,current
APD,Air Products,Materials,Industrial Gases,1985-04-30,,0000002969,current
APH,Amphenol,Information Technology,Electronic Components,2008-09-30,,0000820313,current
APO,Apollo Global Management,Financials,Asset Management & Custody Banks,2024-12-23,,0001858681,current
APP,AppLovin,Information Technology,Application Software,2025-09-22,,0001751008,current
APTV,Aptiv,Consumer Discretionary,Automotive Parts & Equipment,2012-12-24,,0001521332,current
ARE,Alexandria Real Estate Equities,Real Estate,Office REITs,2017-03-20,,0001035443,current
ARES,Ares Management,Financials,Asset Management & Custody Banks,2025-12-11,,0001176948,current
ARG,Airgas,,,2009-09-28,2016-05-23,,added_via_changes
ARNC,Arconic,,,2016-11-01,2020-04-01,,added_via_changes
ATO,Atmos Energy,Utilities,Gas Utilities,2019-02-15,,0000731802,current
ATVI,Activision Blizzard,,,2015-08-28,2023-10-18,,added_via_changes
AVB,AvalonBay Communities,Real Estate,Multi-Family Residential REITs,2007-01-10,,0000915912,current
AVGO,Broadcom,Information Technology,Semiconductors,2014-05-08,,0001730168,current
AVY,Avery Dennison,Materials,Paper & Plastic Packaging Products & Materials,1987-12-31,,0000008818,current
AWK,American Water Works,Utilities,Water Utilities,2016-03-04,,0001410636,current
AXON,Axon Enterprise,Industrials,Aerospace & Defense,2023-05-04,,0001069183,current
AXP,American Express,Financials,Consumer Finance,1976-06-30,,0000004962,current
AYE,Allegheny Energy,,,2000-12-05,2011-02-25,,added_via_changes
AYI,Acuity Brands,,,2016-05-03,2018-06-18,0001144215,added_via_changes
AZO,AutoZone,Consumer Discretionary,Automotive Retail,1997-01-02,,0000866787,current
BA,Boeing,Industrials,Aerospace & Defense,1957-03-04,,0000012927,current
BAC,Bank of America,Financials,Diversified Banks,1976-06-30,,0000070858,current
BALL,Ball Corporation,Materials,"Metal, Glass & Plastic Containers",1984-10-31,,0000009389,current
BAX,Baxter International,Health Care,Health Care Equipment,1972-09-30,,0000010456,current
BBY,Best Buy,Consumer Discretionary,Computer & Electronics Retail,1999-06-29,,0000764478,current
BDX,Becton Dickinson,Health Care,Health Care Equipment,1972-09-30,,0000010795,current
BEN,Franklin Resources,Financials,Asset Management & Custody Banks,1998-04-30,,0000038777,current
BF-B,Brown–Forman,Consumer Staples,Distillers & Vintners,1982-10-31,,0000014693,current
BG,Bunge Global,Consumer Staples,Agricultural Products & Services,2023-03-15,,0001996862,current
BHF,Brighthouse Financial,,,2017-08-08,2019-04-02,0001685040,added_via_changes
BIIB,Biogen,Health Care,Biotechnology,2003-11-13,,0000875045,current
BIO,Bio-Rad Laboratories,,,2020-06-22,2024-09-23,0000012208,added_via_changes
BK,BNY Mellon,Financials,Asset Management & Custody Banks,1995-03-31,,0001390777,current
BKNG,Booking Holdings,Consumer Discretionary,"Hotels, Resorts & Cruise Lines",2009-11-06,,0001075531,current
BKR,Baker Hughes,Energy,Oil & Gas Equipment & Services,2017-07-07,,0001701605,current
BLDR,Builders FirstSource,Industrials,Building Products,2023-12-18,,0001316835,current
BLK,BlackRock,Financials,Asset Management & Custody Banks,2011-04-01,,0002012383,current
BMS,Bemis,,,2019-06-07,2019-06-11,,added_via_changes
BMY,Bristol Myers Squibb,Health Care,Pharmaceuticals,1957-03-04,,0000014272,current
BR,Broadridge Financial Solutions,Industrials,Data Processing & Outsourced Services,2018-06-18,,0001383312,current
BRK-B,Berkshire Hathaway,Financials,Multi-Sector Holdings,2010-02-16,,0001067983,current
BRO,Brown & Brown,Financials,Insurance Brokers,2021-09-20,,0000079282,current
BSX,Boston Scientific,Health Care,Health Care Equipment,1995-02-24,,0000885725,current
BUD,Anheuser Busch,,,1976-07-01,,0001668717,added_via_changes
BWA,BorgWarner,,,2011-12-16,2025-03-24,0000908255,added_via_changes
BX,Blackstone Inc.,Financials,Asset Management & Custody Banks,2023-09-18,,0001393818,current
BXLT,Baxalta,,,2015-07-01,2016-06-03,,added_via_changes
BXP,"BXP, Inc.",Real Estate,Office REITs,2006-04-03,,0001037540,current
C,Citigroup,Financials,Diversified Banks,1988-05-31,,0000831001,current
CAG,Conagra Brands,Consumer Staples,Packaged Foods & Meats,1983-08-31,,0000023217,current
CAH,Cardinal Health,Health Care,Health Care Distributors,1997-05-27,,0000721371,current
CARR,Carrier Global,Industrials,Building Products,2020-04-03,,0001783180,current
CASY,Casey's,Consumer Staples,Food Retail,2026-04-09,,0000726958,current
CAT,Caterpillar Inc.,Industrials,Construction Machinery & Heavy Transportation Equipment,1957-03-04,,0000018230,current
CB,Chubb Limited,Financials,Property & Casualty Insurance,2010-07-14,,0000896159,current
CBE,Cooper Industries,,,2011-11-18,2012-12-03,,added_via_changes
CBOE,Cboe Global Markets,Financials,Financial Exchanges & Data,2017-03-01,,0001374310,current
CBRE,CBRE Group,Real Estate,Real Estate Services,2006-11-10,,0001138118,current
CCI,Crown Castle,Real Estate,Telecom Tower REITs,2012-03-13,,0001051470,current
CCL,Carnival,Consumer Discretionary,"Hotels, Resorts & Cruise Lines",1998-12-11,,0000815097,current
CCR,Countrywide Credit Industries,,,1997-06-17,,,added_via_changes
CDAY,Ceridian,,,2021-09-20,,,added_via_changes
CDNS,Cadence Design Systems,Information Technology,Application Software,2017-09-18,,0000813672,current
CDW,CDW Corporation,Information Technology,Technology Distributors,2019-09-23,,0001402057,current
CE,Celanese,,,2018-12-24,2025-03-24,0001306830,added_via_changes
CEG,Constellation Energy,Utilities,Electric Utilities,2022-02-02,,0001868275,current
CERN,Cerner,,,2010-04-29,2022-06-08,,added_via_changes
CF,CF Industries,Materials,Fertilizers & Agricultural Chemicals,2008-08-27,,0001324404,current
CFG,Citizens Financial Group,Financials,Regional Banks,2016-01-29,,0000759944,current
CHD,Church & Dwight,Consumer Staples,Household Products,2015-12-29,,0000313927,current
CHRW,C.H. Robinson,Industrials,Air Freight & Logistics,2007-03-02,,0001043277,current
CHTR,Charter Communications,Communication Services,Cable & Satellite,2016-09-08,,0001091667,current
CI,Cigna,Health Care,Health Care Services,1976-06-30,,0001739940,current
CIEN,Ciena,Information Technology,Communications Equipment,2026-02-09,,0000936395,current
CINF,Cincinnati Financial,Financials,Property & Casualty Insurance,1997-12-18,,0000020286,current
CL,Colgate-Palmolive,Consumer Staples,Household Products,1957-03-04,,0000021665,current
CLF,Cliffs Natural Resources,,,2009-12-18,2014-04-02,0000764065,added_via_changes
CLX,Clorox,Consumer Staples,Household Products,1969-03-31,,0000021076,current
CMCSA,Comcast,Communication Services,Cable & Satellite,2002-11-19,,0001166691,current
CMCSK,Comcast Class K Special,,,2015-09-18,2015-12-15,,added_via_changes
CME,CME Group,Financials,Financial Exchanges & Data,2006-08-11,,0001156375,current
CMG,Chipotle Mexican Grill,Consumer Discretionary,Restaurants,2011-04-27,,0001058090,current
CMI,Cummins,Industrials,Construction Machinery & Heavy Transportation Equipment,1965-03-31,,0000026172,current
CMS,CMS Energy,Utilities,Multi-Utilities,1957-03-04,,0000811156,current
CNC,Centene Corporation,Health Care,Managed Health Care,2016-03-30,,0001071739,current
CNP,CenterPoint Energy,Utilities,Multi-Utilities,1985-07-31,,0001130310,current
COF,Capital One,Financials,Consumer Finance,1998-07-01,,0000927628,current
COG,Cabot Oil & Gas,,,2008-06-23,,,added_via_changes
COHR,Coherent Corp.,Information Technology,Electronic Components,2026-03-23,,0000820318,current
COIN,Coinbase,Financials,Financial Exchanges & Data,2025-05-19,,0001679788,current
COO,Cooper Companies (The),Health Care,Health Care Supplies,2016-09-22,,0000711404,current
COP,ConocoPhillips,Energy,Oil & Gas Exploration & Production,1957-03-04,,0001163165,current
COR,Cencora,Health Care,Health Care Distributors,2001-08-30,,0001140859,current
COST,Costco,Consumer Staples,Consumer Staples Merchandise Retail,1993-10-01,,0000909832,current
COTY,Coty,,,2016-09-30,2020-09-21,0001024305,added_via_changes
COV,Covidien,,,2011-02-28,2015-01-27,,added_via_changes
CPAY,Corpay,Financials,Transaction & Payment Processing Services,2018-06-20,,0001175454,current
CPB,Campbell's Company (The),Consumer Staples,Packaged Foods & Meats,1957-03-04,,0000016732,current
CPGX,Columbia Pipeline Group,,,2015-07-02,2016-07-05,,added_via_changes
CPRT,Copart,Industrials,Diversified Support Services,2018-07-02,,0000900075,current
CPT,Camden Property Trust,Real Estate,Multi-Family Residential REITs,2022-04-04,,0000906345,current
CPWR,Compuware,,,1998-12-11,2011-12-31,0000827099,added_via_changes
CRH,CRH plc,Materials,Construction Materials,2025-12-22,,0000849395,current
CRL,Charles River Laboratories,Health Care,Life Sciences Tools & Services,2021-05-14,,0001100682,current
CRM,Salesforce,Information Technology,Application Software,2008-09-12,,0001108524,current
CRWD,CrowdStrike,Information Technology,Systems Software,2024-06-24,,0001535527,current
CSCO,Cisco,Information Technology,Communications Equipment,1993-12-01,,0000858877,current
CSGP,CoStar Group,Real Estate,Real Estate Services,2022-09-19,,0001057352,current
CSRA,CSRA,,,2015-12-01,2018-04-04,,added_via_changes
CSX,CSX Corporation,Industrials,Rail Transportation,1957-03-04,,0000277948,current
CTAS,Cintas,Industrials,Diversified Support Services,2001-03-01,,0000723254,current
CTLT,Catalent,,,2020-09-21,2024-12-23,,added_via_changes
CTRA,Coterra,Energy,Oil & Gas Exploration & Production,2008-06-23,,0000858470,current
CTSH,Cognizant,Information Technology,IT Consulting & Other Services,2006-11-17,,0001058290,current
CTVA,Corteva,Materials,Fertilizers & Agricultural Chemicals,2019-06-03,,0001755672,current
CVC,Cablevision,,,2010-12-17,2016-06-22,,added_via_changes
CVG,Convergys,,,2000-06-12,2009-12-18,,added_via_changes
CVNA,Carvana,Consumer Discretionary,Automotive Retail,2025-12-22,,0001690820,current
CVS,CVS Health,Health Care,Health Care Services,1957-03-04,,0000064803,current
CVX,Chevron Corporation,Energy,Integrated Oil & Gas,1957-03-04,,0000093410,current
CXO,Concho Resources,,,2016-02-22,2021-01-21,,added_via_changes
CZR,Caesars Entertainment,,,2021-03-22,2025-09-22,0001590895,added_via_changes
D,Dominion Energy,Utilities,Multi-Utilities,2016-11-30,,0000715957,current
DAL,Delta Air Lines,Industrials,Passenger Airlines,2013-09-10,,0000027904,current
DASH,DoorDash,Consumer Discretionary,Specialized Consumer Services,2025-03-24,,0001792789,current
DD,DuPont,Materials,Specialty Chemicals,2019-06-03,,0001666700,current
DDOG,Datadog,Information Technology,Application Software,2025-07-09,,0001561550,current
DE,Deere & Company,Industrials,Agricultural & Farm Machinery,1957-03-04,,0000315189,current
DECK,Deckers Brands,Consumer Discretionary,Footwear,2024-03-18,,0000910521,current
DELL,Dell Technologies,Information Technology,"Technology Hardware, Storage & Peripherals",2024-09-23,,0001571996,current
DFS,Discover Financial,,,2007-07-02,2025-05-19,,added_via_changes
DG,Dollar General,Consumer Staples,Consumer Staples Merchandise Retail,2012-12-03,,0000029534,current
DGX,Quest Diagnostics,Health Care,Health Care Services,2002-12-12,,0001022079,current
DHI,D. R. Horton,Consumer Discretionary,Homebuilding,2005-06-22,,0000882184,current
DHR,Danaher Corporation,Health Care,Life Sciences Tools & Services,1998-11-18,,0000313616,current
DIS,Walt Disney Company (The),Communication Services,Movies & Entertainment,1976-06-30,,0001744489,current
DISCK,Discovery Communications,,,2014-08-06,2022-04-11,,added_via_changes
DISH,Dish Network,,,2017-03-13,2023-06-20,,added_via_changes
DLPH,Delphi Automotive,,,2012-12-21,,,added_via_changes
DLR,Digital Realty,Real Estate,Data Center REITs,2016-05-18,,0001297996,current
DLTR,Dollar Tree,Consumer Staples,Consumer Staples Merchandise Retail,2011-12-16,,0000935703,current
DOC,Healthpeak Properties,Real Estate,Health Care REITs,2008-03-31,,0000765880,current
DOV,Dover Corporation,Industrials,Industrial Machinery & Supplies & Components,1985-10-31,,0000029905,current
DOW,Dow Inc.,Materials,Commodity Chemicals,2019-04-01,,0001751788,current
DPZ,Domino's,Consumer Discretionary,Restaurants,2020-05-12,,0001286681,current
DRE,Duke Realty Corp,,,2017-07-26,2022-10-03,,added_via_changes
DRI,Darden Restaurants,Consumer Discretionary,Restaurants,1995-05-31,,0000940944,current
DTE,DTE Energy,Utilities,Multi-Utilities,1957-03-04,,0000936340,current
DUK,Duke Energy,Utilities,Electric Utilities,1976-06-30,,0001326160,current
DVA,DaVita,Health Care,Health Care Services,2008-07-31,,0000927066,current
DVN,Devon Energy,Energy,Oil & Gas Exploration & Production,2000-08-30,,0001090012,current
DWDP,DuPont,,,2017-09-01,2019-06-03,,added_via_changes
DXC,DXC Technology,,,2017-04-04,2023-10-03,0001688568,added_via_changes
DXCM,Dexcom,Health Care,Health Care Equipment,2020-05-12,,0001093557,current
EA,Electronic Arts,Communication Services,Interactive Home Entertainment,2002-07-22,,0000712515,current
EBAY,eBay Inc.,Consumer Discretionary,Broadline Retail,2002-07-22,,0001065088,current
ECL,Ecolab,Materials,Specialty Chemicals,1989-01-31,,0000031462,current
ED,Consolidated Edison,Utilities,Multi-Utilities,1957-03-04,,0001047862,current
EFX,Equifax,Industrials,Research & Consulting Services,1997-06-19,,0000033185,current
EG,Everest Group,Financials,Reinsurance,2017-06-19,,0001095073,current
EIX,Edison International,Utilities,Electric Utilities,1957-03-04,,0000827052,current
EL,Estée Lauder Companies (The),Consumer Staples,Personal Care Products,2006-01-05,,0001001250,current
ELV,Elevance Health,Health Care,Managed Health Care,2002-07-25,,0001156039,current
EME,Emcor,Industrials,Construction & Engineering,2025-09-22,,0000105634,current
EMR,Emerson Electric,Industrials,Electrical Components & Equipment,1965-03-31,,0000032604,current
ENDP,Endo International,,,2015-01-27,2017-03-02,,added_via_changes
ENPH,Enphase Energy,,,2021-01-07,2025-09-22,0001463101,added_via_changes
EOG,EOG Resources,Energy,Oil & Gas Exploration & Production,2000-11-02,,0000821189,current
EPAM,EPAM Systems,Information Technology,IT Consulting & Other Services,2021-12-14,,0001352010,current
EQIX,Equinix,Real Estate,Data Center REITs,2015-03-20,,0001101239,current
EQR,Equity Residential,Real Estate,Multi-Family Residential REITs,2001-12-03,,0000906107,current
EQT,EQT Corporation,Energy,Oil & Gas Exploration & Production,2022-10-03,,0000033213,current
ERIE,Erie Indemnity,Financials,Insurance Brokers,2024-09-23,,0000922621,current
ES,Eversource Energy,Utilities,Electric Utilities,2009-07-24,,0000072741,current
ESRX,Express Scripts,,,2003-09-25,2018-12-24,,added_via_changes
ESS,Essex Property Trust,Real Estate,Multi-Family Residential REITs,2014-04-02,,0000920522,current
ESV,Ensco,,,2012-07-31,2016-03-30,,added_via_changes
ETN,Eaton Corporation,Industrials,Electrical Components & Equipment,1957-03-04,,0001551182,current
ETR,Entergy,Utilities,Electric Utilities,1957-03-04,,0000065984,current
ETSY,Etsy,,,2020-09-21,2024-09-23,0001370637,added_via_changes
EVHC,Envision Healthcare,,,2016-12-02,2018-10-11,,added_via_changes
EVRG,Evergy,Utilities,Electric Utilities,2018-06-05,,0001711269,current
EW,Edwards Lifesciences,Health Care,Health Care Equipment,2011-03-31,,0001099800,current
EXC,Exelon,Utilities,Electric Utilities,1957-03-04,,0001109357,current
EXE,Expand Energy,Energy,Oil & Gas Exploration & Production,2025-03-24,,0000895126,current
EXPD,Expeditors International,Industrials,Air Freight & Logistics,2007-10-10,,0000746515,current
EXPE,Expedia Group,Consumer Discretionary,"Hotels, Resorts & Cruise Lines",2007-10-02,,0001324424,current
EXR,Extra Space Storage,Real Estate,Self-Storage REITs,2016-01-19,,0001289490,current
F,Ford Motor Company,Consumer Discretionary,Automobile Manufacturers,1957-03-04,,0000037996,current
FANG,Diamondback Energy,Energy,Oil & Gas Exploration & Production,2018-12-03,,0001539838,current
FAST,Fastenal,Industrials,Trading Companies & Distributors,2008-09-12,,0000815556,current
FB,Facebook,,,2013-12-23,,,added_via_changes
FBHS,Fortune Brands Home & Security,,,2016-06-22,2022-12-19,,added_via_changes
FCX,Freeport-McMoRan,Materials,Copper,2011-07-01,,0000831259,current
FDS,FactSet,Financials,Financial Exchanges & Data,2021-12-20,,0001013237,current
FDX,FedEx,Industrials,Air Freight & Logistics,1980-12-31,,0001048911,current
FE,FirstEnergy,Utilities,Electric Utilities,1997-11-28,,0001031296,current
FFIV,"F5, Inc.",Information Technology,Communications Equipment,2010-12-17,,0001048695,current
FICO,Fair Isaac,Information Technology,Application Software,2023-03-20,,0000814547,current
FIS,Fidelity National Information Services,Financials,Transaction & Payment Processing Services,2006-11-10,,0001136893,current
FISV,Fiserv,Financials,Transaction & Payment Processing Services,2001-04-02,,0000798354,current
FITB,Fifth Third Bancorp,Financials,Regional Banks,1996-03-29,,0000035527,current
FIX,Comfort Systems USA,Industrials,Construction & Engineering,2025-12-22,,0001035983,current
FL,Foot Locker,,,2016-04-04,2019-08-09,,added_via_changes
FLT,FleetCor Technologies,,,2018-06-20,,,added_via_changes
FMC,FMC Corporation,,,2009-08-19,2025-03-24,0000037785,added_via_changes
FOSL,Fossil,,,2012-04-03,2016-01-05,0000883569,added_via_changes
FOX,Fox Corporation (Class B),Communication Services,Broadcasting,2019-03-19,,0001754301,current
FOXA,Fox Corporation (Class A),Communication Services,Broadcasting,2019-03-19,,0001754301,current
FRC,First Republic Bank,,,2019-01-02,2023-05-04,,added_via_changes
FRT,Federal Realty Investment Trust,Real Estate,Retail REITs,2016-02-01,,0000034903,current
FSLR,First Solar,Information Technology,Semiconductors,2022-12-19,,0001274494,current
FSR,Firstar,,,1998-12-11,,,added_via_changes
FTI,FMC Technologies,,,2009-06-05,2021-02-12,0001681459,added_via_changes
FTNT,Fortinet,Information Technology,Systems Software,2018-10-11,,0001262039,current
FTV,Fortive,Industrials,Industrial Machinery & Supplies & Components,2016-07-01,,0001659166,current
GAS,AGL Resources.,,,2011-12-12,2016-07-01,,added_via_changes
GD,General Dynamics,Industrials,Aerospace & Defense,1957-03-04,,0000040533,current
GDDY,GoDaddy,Information Technology,Internet Services & Infrastructure,2024-06-24,,0001609711,current
GE,GE Aerospace,Industrials,Aerospace & Defense,1957-03-04,,0000040545,current
GEHC,GE HealthCare,Health Care,Health Care Equipment,2023-01-04,,0001932393,current
GEN,Gen Digital,Information Technology,Systems Software,2003-03-25,,0000849399,current
GEV,GE Vernova,Industrials,Heavy Electrical Equipment,2024-04-02,,0001996810,current
GGP,General Growth Properties,,,2013-12-10,2018-08-28,,added_via_changes
GILD,Gilead Sciences,Health Care,Biotechnology,2004-07-01,,0000882095,current
GIS,General Mills,Consumer Staples,Packaged Foods & Meats,1957-03-04,,0000040704,current
GL,Globe Life,Financials,Life & Health Insurance,1989-04-30,,0000320335,current
GLW,Corning Inc.,Information Technology,Electronic Components,1995-02-27,,0000024741,current
GM,General Motors,Consumer Discretionary,Automobile Manufacturers,2013-06-06,,0001467858,current
GMCR,Keurig Green Mountain,,,2014-03-21,2016-03-07,,added_via_changes
GME,GameStop,,,2007-12-13,2016-04-25,0001326380,added_via_changes
GNRC,Generac,Industrials,Electrical Components & Equipment,2021-03-22,,0001474735,current
GOOG,Alphabet Inc. (Class C),Communication Services,Interactive Media & Services,2014-04-03,,0001652044,current
GOOGL,Alphabet Inc. (Class A),Communication Services,Interactive Media & Services,2006-04-03,2014-04-03,0001652044,current
GOOGL,Google,,,2014-04-03,,0001652044,added_via_changes
GPC,Genuine Parts Company,Consumer Discretionary,Distributors,1973-12-31,,0000040987,current
GPN,Global Payments,Financials,Transaction & Payment Processing Services,2016-04-25,,0001123360,current
GRMN,Garmin,Consumer Discretionary,Consumer Electronics,2012-12-11,,0001121788,current
GS,Goldman Sachs,Financials,Investment Banking & Brokerage,2002-07-22,,0000886982,current
GWW,W. W. Grainger,Industrials,Industrial Machinery & Supplies & Components,1981-06-30,,0000277135,current
HAL,Halliburton,Energy,Oil & Gas Equipment & Services,1957-03-04,,0000045012,current
HAS,Hasbro,Consumer Discretionary,Leisure Products,1984-09-30,,0000046080,current
HBAN,Huntington Bancshares,Financials,Regional Banks,1997-08-28,,0000049196,current
HBI,Hanesbrands,,,2015-03-23,2021-12-20,,added_via_changes
HCA,HCA Healthcare,Health Care,Health Care Facilities,2015-01-27,,0000860730,current
HD,Home Depot (The),Consumer Discretionary,Home Improvement Retail,1988-03-31,,0000354950,current
HFC,HollyFrontier,,,2018-06-18,2021-06-04,,added_via_changes
HIG,Hartford (The),Financials,Property & Casualty Insurance,1957-03-04,,0000874766,current
HII,Huntington Ingalls Industries,Industrials,Aerospace & Defense,2018-01-03,,0001501585,current
HLT,Hilton Worldwide,Consumer Discretionary,"Hotels, Resorts & Cruise Lines",2017-06-19,,0001585689,current
HOLX,Hologic,,,2016-03-30,2026-04-09,0000859737,added_via_changes
HON,Honeywell,Industrials,Industrial Conglomerates,1957-03-04,,0000773840,current
HOOD,Robinhood Markets,Financials,Investment Banking & Brokerage,2025-09-22,,0001783879,current
HP,Helmerich & Payne,,,2010-02-26,2020-05-22,0000046765,added_via_changes
HPE,Hewlett Packard Enterprise,Information Technology,"Technology Hardware, Storage & Peripherals",2015-11-02,,0001645590,current
HPQ,HP Inc.,Information Technology,"Technology Hardware, Storage & Peripherals",1974-12-31,,0000047217,current
HRL,Hormel Foods,Consumer Staples,Packaged Foods & Meats,2009-03-03,,0000048465,current
HRS,Harris Corporation,,,2008-09-16,,,added_via_changes
HSIC,Henry Schein,Health Care,Health Care Distributors,2015-03-17,,0001000228,current
HST,Host Hotels & Resorts,Real Estate,Hotel & Resort REITs,2007-03-20,,0001070750,current
HSY,Hershey Company (The),Consumer Staples,Packaged Foods & Meats,1957-03-04,,0000047111,current
HUBB,Hubbell Incorporated,Industrials,Industrial Machinery & Supplies & Components,2023-10-18,,0000048898,current
HUM,Humana,Health Care,Managed Health Care,2012-12-10,,0000049071,current
HWM,Howmet Aerospace,Industrials,Aerospace & Defense,2016-10-21,2020-04-01,0000004281,current
HWM,Howmet Aerospace,,,2020-04-01,,0000004281,added_via_changes
IBKR,Interactive Brokers,Financials,Investment Banking & Brokerage,2025-08-28,,0001381197,current
IBM,IBM,Information Technology,IT Consulting & Other Services,1957-03-04,,0000051143,current
ICE,Intercontinental Exchange,Financials,Financial Exchanges & Data,2007-09-26,,0001571949,current
IDXX,Idexx Laboratories,Health Care,Health Care Equipment,2017-01-05,,0000874716,current
IEX,IDEX Corporation,Industrials,Industrial Machinery & Supplies & Components,2019-08-09,,0000832101,current
IFF,International Flavors & Fragrances,Materials,Specialty Chemicals,1976-03-31,,0000051253,current
ILMN,Illumina,,,2015-11-19,2024-06-24,0001110803,added_via_changes
INCY,Incyte,Health Care,Biotechnology,2017-02-28,,0000879169,current
INFO,IHS Markit,,,2017-06-02,2022-03-02,,added_via_changes
INTC,Intel,Information Technology,Semiconductors,1976-12-31,,0000050863,current
INTU,Intuit,Information Technology,Application Software,2000-12-05,,0000896878,current
INVH,Invitation Homes,Real Estate,Single-Family Residential REITs,2022-09-19,,0001687229,current
IP,International Paper,Materials,Paper & Plastic Packaging Products & Materials,1957-03-04,,0000051434,current
IPGP,IPG Photonics,,,2018-03-07,2022-06-21,0001111928,added_via_changes
IQV,IQVIA,Health Care,Life Sciences Tools & Services,2017-08-29,,0001478242,current
IR,Ingersoll Rand,Industrials,Industrial Machinery & Supplies & Components,2020-03-02,,0001699150,current
IRM,Iron Mountain,Real Estate,Other Specialized REITs,2009-01-06,,0001020569,current
ISRG,Intuitive Surgical,Health Care,Health Care Equipment,2008-06-02,,0001035267,current
IT,Gartner,Information Technology,IT Consulting & Other Services,2017-04-05,,0000749251,current
ITW,Illinois Tool Works,Industrials,Industrial Machinery & Supplies & Components,1986-02-28,,0000049826,current
IVZ,Invesco,Financials,Asset Management & Custody Banks,2008-08-21,,0000914208,current
J,Jacobs Solutions,Industrials,Construction & Engineering,2007-10-26,,0000052988,current
JBHT,J.B. Hunt,Industrials,Cargo Ground Transportation,2015-07-01,,0000728535,current
JBL,Jabil,Information Technology,Electronic Manufacturing Services,2023-12-18,,0000898293,current
JCI,Johnson Controls,Industrials,Building Products,2010-08-27,,0000833444,current
JDSU,JDS Uniphase,,,2000-07-27,2013-12-23,,added_via_changes
JEC,Jacobs Engineering Group,,,2007-10-26,,,added_via_changes
JKHY,Jack Henry & Associates,Financials,Transaction & Payment Processing Services,2018-11-13,,0000779152,current
JNJ,Johnson & Johnson,Health Care,Pharmaceuticals,1973-06-30,,0000200406,current
JNPR,Juniper Networks,,,2006-06-02,2025-07-09,,added_via_changes
JOYG,Joy Global,,,2011-02-25,,,added_via_changes
JPM,JPMorgan Chase,Financials,Diversified Banks,1975-06-30,,0000019617,current
KDP,Keurig Dr Pepper,Consumer Staples,Soft Drinks & Non-alcoholic Beverages,2022-06-21,,0001418135,current
KEY,KeyCorp,Financials,Regional Banks,1994-03-01,,0000091576,current
KEYS,Keysight Technologies,Information Technology,Electronic Equipment & Instruments,2018-11-06,,0001601046,current
KFT,Kraft Foods,,,2007-03-30,2012-10-02,,added_via_changes
KHC,Kraft Heinz,Consumer Staples,Packaged Foods & Meats,2015-07-06,,0001637459,current
KIM,Kimco Realty,Real Estate,Retail REITs,2006-04-04,,0000879101,current
KKR,KKR & Co.,Financials,Asset Management & Custody Banks,2024-06-24,,0001404912,current
KLAC,KLA Corporation,Information Technology,Semiconductor Materials & Equipment,1997-09-30,,0000319201,current
KMB,Kimberly-Clark,Consumer Staples,Household Products,1957-03-04,,0000055785,current
KMI,Kinder Morgan,Energy,Oil & Gas Storage & Transportation,2012-05-17,,0001506307,current
KMX,CarMax,,,2010-06-28,2025-10-31,0001170010,added_via_changes
KO,Coca-Cola Company (The),Consumer Staples,Soft Drinks & Non-alcoholic Beverages,1957-03-04,,0000021344,current
KORS,Michael Kors,,,2013-11-13,,,added_via_changes
KR,Kroger,Consumer Staples,Food Retail,1957-03-04,,0000056873,current
KRFT,Kraft Foods,,,2012-10-02,2015-07-06,,added_via_changes
KSU,Kansas City Southern,,,2013-05-23,2021-12-14,,added_via_changes
KVUE,Kenvue,Consumer Staples,Personal Care Products,2023-08-25,,0001944048,current
L,Loews Corporation,Financials,Multi-line Insurance,1995-05-31,,0000060086,current
LDOS,Leidos,Industrials,Diversified Support Services,2019-08-09,,0001336920,current
LEN,Lennar,Consumer Discretionary,Homebuilding,2005-10-04,,0000920760,current
LH,Labcorp,Health Care,Health Care Services,2004-11-01,,0000920148,current
LHX,L3Harris,Industrials,Aerospace & Defense,2008-09-22,,0000202058,current
LII,Lennox International,Industrials,Building Products,2024-12-23,,0001069202,current
LIN,Linde plc,Materials,Industrial Gases,1992-07-01,,0001707925,current
LITE,Lumentum,Information Technology,Communications Equipment,2026-03-23,,0001633978,current
LKQ,LKQ Corporation,,,2016-05-23,2025-12-22,0001065696,added_via_changes
LLY,Lilly (Eli),Health Care,Pharmaceuticals,1970-12-31,,0000059478,current
LMT,Lockheed Martin,Industrials,Aerospace & Defense,1957-03-04,,0000936468,current
LNT,Alliant Energy,Utilities,Electric Utilities,2016-07-01,,0000352541,current
LO,Lorillard Tobacco Company,,,2008-06-10,2015-06-11,,added_via_changes
LOW,Lowe's,Consumer Discretionary,Home Improvement Retail,1984-02-29,,0000060667,current
LRCX,Lam Research,Information Technology,Semiconductor Materials & Equipment,2012-06-05,,0000707549,current
LUK,Leucadia National,,,2007-08-24,,,added_via_changes
LULU,Lululemon Athletica,Consumer Discretionary,"Apparel, Accessories & Luxury Goods",2023-10-18,,0001397187,current
LUV,Southwest Airlines,Industrials,Passenger Airlines,1994-07-01,,0000092380,current
LVLT,Level 3 Communications,,,2014-11-05,2017-10-13,,added_via_changes
LVS,Las Vegas Sands,Consumer Discretionary,Casinos & Gaming,2019-10-03,,0001300514,current
LW,Lamb Weston,,,2018-12-03,2026-03-23,0001679273,added_via_changes
LYB,LyondellBasell,Materials,Specialty Chemicals,2012-09-05,,0001489393,current
LYV,Live Nation Entertainment,Communication Services,Movies & Entertainment,2019-12-23,,0001335258,current
MA,Mastercard,Financials,Transaction & Payment Processing Services,2008-07-18,,0001141391,current
MAA,Mid-America Apartment Communities,Real Estate,Multi-Family Residential REITs,2016-12-02,,0000912595,current
MAC,Macerich,,,2013-05-08,2019-12-23,0000912242,added_via_changes
MAR,Marriott International,Consumer Discretionary,"Hotels, Resorts & Cruise Lines",1998-05-29,,0001048286,current
MAS,Masco,Industrials,Building Products,1981-06-30,,0000062996,current
MBC,MasterBrand,,,2022-12-15,2022-12-19,0001941365,added_via_changes
MCD,McDonald's,Consumer Discretionary,Restaurants,1970-06-30,,0000063908,current
MCHP,Microchip Technology,Information Technology,Semiconductors,2007-09-07,,0000827054,current
MCK,McKesson Corporation,Health Care,Health Care Distributors,1999-01-13,,0000927653,current
MCO,Moody's Corporation,Financials,Financial Exchanges & Data,1998-07-01,,0001059556,current
MDLZ,Mondelez International,Consumer Staples,Packaged Foods & Meats,2012-10-02,,0001103982,current
MDT,Medtronic,Health Care,Health Care Equipment,1986-10-31,,0001613103,current
MEE,Massey Energy,,,2008-06-23,2011-06-01,,added_via_changes
MET,MetLife,Financials,Life & Health Insurance,2000-12-11,,0001099219,current
META,Meta Platforms,Communication Services,Interactive Media & Services,2013-12-23,,0001326801,current
MGM,MGM Resorts,Consumer Discretionary,Casinos & Gaming,2017-07-26,,0000789570,current
MHK,Mohawk Industries,,,2013-12-23,2025-12-22,0000851968,added_via_changes
MJN,Mead Johnson Nutrition,,,2009-12-18,2017-06-19,,added_via_changes
MKC,McCormick & Company,Consumer Staples,Packaged Foods & Meats,2003-03-20,,0000063754,current
MKTX,MarketAxess,,,2019-07-01,2025-09-22,0001278021,added_via_changes
MLM,Martin Marietta Materials,Materials,Construction Materials,2014-07-02,,0000916076,current
MMI,Motorola Mobility,,,2011-01-03,2012-05-21,0001578732,added_via_changes
MMM,3M,Industrials,Industrial Conglomerates,1957-03-04,,0000066740,current
MNK,Mallinckrodt,,,2014-08-18,2017-07-26,,added_via_changes
MNST,Monster Beverage,Consumer Staples,Soft Drinks & Non-alcoholic Beverages,2012-06-28,,0000865752,current
MO,Altria,Consumer Staples,Tobacco,1957-03-04,,0000764180,current
MOH,Molina Healthcare,,,2022-03-02,2026-03-23,0001179929,added_via_changes
MOS,Mosaic Company (The),Materials,Fertilizers & Agricultural Chemicals,2011-09-23,,0001285785,current
MPC,Marathon Petroleum,Energy,Oil & Gas Refining & Marketing,2011-06-30,,0001510295,current
MPWR,Monolithic Power Systems,Information Technology,Semiconductors,2021-02-12,,0001280452,current
MRK,Merck & Co.,Health Care,Pharmaceuticals,1957-03-04,,0000310158,current
MRNA,Moderna,Health Care,Biotechnology,2021-07-21,,0001682852,current
MRSH,Marsh McLennan,Financials,Insurance Brokers,1987-08-31,,0000062709,current
MS,Morgan Stanley,Financials,Investment Banking & Brokerage,1993-07-29,,0000895421,current
MSCI,MSCI Inc.,Financials,Financial Exchanges & Data,2018-04-04,,0001408198,current
MSFT,Microsoft,Information Technology,Systems Software,1994-06-01,,0000789019,current
MSI,Motorola Solutions,Information Technology,Communications Equipment,1957-03-04,,0000068505,current
MTB,M&T Bank,Financials,Regional Banks,2004-02-23,,0000036270,current
MTCH,Match Group,,,2021-09-20,2026-03-23,0000891103,added_via_changes
MTD,Mettler Toledo,Health Care,Life Sciences Tools & Services,2016-09-06,,0001037646,current
MU,Micron Technology,Information Technology,Semiconductors,1994-09-27,,0000723125,current
MXIM,Maxim Integrated,,,2018-12-03,2021-08-30,,added_via_changes
NAVI,Navient,,,2014-05-01,2018-06-05,0001593538,added_via_changes
NCC,National City,,,1994-09-30,,,added_via_changes
NCLH,Norwegian Cruise Line Holdings,Consumer Discretionary,"Hotels, Resorts & Cruise Lines",2017-10-13,,0001513761,current
NDAQ,"Nasdaq, Inc.",Financials,Financial Exchanges & Data,2008-10-22,,0001120193,current
NDSN,Nordson Corporation,Industrials,Industrial Machinery & Supplies & Components,2022-02-15,,0000072331,current
NEE,NextEra Energy,Utilities,Multi-Utilities,1976-06-30,,0000753308,current
NEM,Newmont,Materials,Gold,1969-06-30,,0001164727,current
NFLX,Netflix,Communication Services,Movies & Entertainment,2010-12-17,,0001065280,current
NFX,Newfield Exploration,,,2010-12-17,2019-02-15,,added_via_changes
NI,NiSource,Utilities,Multi-Utilities,2000-11-02,,0001111711,current
NKE,"Nike, Inc.",Consumer Discretionary,"Apparel, Accessories & Luxury Goods",1988-11-30,,0000320187,current
NKTR,Nektar Therapeutics,,,2018-03-19,2019-10-03,0000906709,added_via_changes
NLSN,Nielsen Holdings,,,2013-07-08,2022-10-12,,added_via_changes
NOC,Northrop Grumman,Industrials,Aerospace & Defense,1957-03-04,,0001133421,current
NOW,ServiceNow,Information Technology,Systems Software,2019-11-21,,0001373715,current
NRG,NRG Energy,Utilities,Independent Power Producers & Energy Traders,2010-01-29,,0001013871,current
NSC,Norfolk Southern,Industrials,Rail Transportation,1957-03-04,,0000702165,current
NTAP,NetApp,Information Technology,"Technology Hardware, Storage & Peripherals",1999-06-25,,0001002047,current
NTRS,Northern Trust,Financials,Asset Management & Custody Banks,1998-01-30,,0000073124,current
NUE,Nucor,Materials,Steel,1985-04-30,,0000073309,current
NVDA,Nvidia,Information Technology,Semiconductors,2001-11-30,,0001045810,current
NVR,"NVR, Inc.",Consumer Discretionary,Homebuilding,2019-09-26,,0000906163,current
NWS,News Corp (Class B),Communication Services,Publishing,2015-09-18,,0001564708,current
NWSA,News Corp (Class A),Communication Services,Publishing,2013-08-01,,0001564708,current
NXPI,NXP Semiconductors,Information Technology,Semiconductors,2021-03-22,,0001413447,current
O,Realty Income,Real Estate,Retail REITs,2015-04-07,,0000726728,current
ODFL,Old Dominion,Industrials,Cargo Ground Transportation,2019-12-09,,0000878927,current
OGN,Organon & Co.,,,2021-06-03,2023-10-18,0001821825,added_via_changes
OI,Owens-Illinois,,,2008-12-31,2016-12-02,0000812074,added_via_changes
OKE,Oneok,Energy,Oil & Gas Storage & Transportation,2010-03-15,,0001039684,current
OMC,Omnicom Group,Communication Services,Advertising,1997-12-31,,0000029989,current
ON,ON Semiconductor,Information Technology,Semiconductors,2022-06-21,,0001097864,current
ORCL,Oracle Corporation,Information Technology,Application Software,1989-08-31,,0001341439,current
ORLY,O’Reilly Automotive,Consumer Discretionary,Automotive Retail,2009-03-27,,0000898173,current
OTIS,Otis Worldwide,Industrials,Industrial Machinery & Supplies & Components,2020-04-03,,0001781335,current
OXY,Occidental Petroleum,Energy,Oil & Gas Exploration & Production,1957-03-04,,0000797468,current
PANW,Palo Alto Networks,Information Technology,Systems Software,2023-06-20,,0001327567,current
PAYC,Paycom,,,2020-01-28,2026-03-23,0001590955,added_via_changes
PAYX,Paychex,Industrials,Human Resource & Employment Services,1998-10-01,,0000723531,current
PCAR,Paccar,Industrials,Construction Machinery & Heavy Transportation Equipment,1980-12-31,,0000075362,current
PCG,PG&E Corporation,Utilities,Multi-Utilities,2022-10-03,,0001004980,current
PCLN,Priceline.com,,,2009-11-03,,,added_via_changes
PCS,MetroPCS,,,2009-06-29,2013-04-30,,added_via_changes
PEG,Public Service Enterprise Group,Utilities,Electric Utilities,1957-03-04,,0000788784,current
PENN,Penn National Gaming,,,2021-03-22,2022-09-19,0000921738,added_via_changes
PEP,PepsiCo,Consumer Staples,Soft Drinks & Non-alcoholic Beverages,1957-03-04,,0000077476,current
PETM,PetSmart,,,2012-10-10,2015-03-12,,added_via_changes
PFE,Pfizer,Health Care,Pharmaceuticals,1957-03-04,,0000078003,current
PFG,Principal Financial Group,Financials,Life & Health Insurance,2002-07-22,,0001126328,current
PG,Procter & Gamble,Consumer Staples,Personal Care Products,1957-03-04,,0000080424,current
PGR,Progressive Corporation,Financials,Property & Casualty Insurance,1997-08-04,,0000080661,current
PH,Parker Hannifin,Industrials,Industrial Machinery & Supplies & Components,1985-11-30,,0000076334,current
PHM,PulteGroup,Consumer Discretionary,Homebuilding,1984-04-30,,0000822416,current
PKG,Packaging Corporation of America,Materials,Paper & Plastic Packaging Products & Materials,2017-07-26,,0000075677,current
PLD,Prologis,Real Estate,Industrial REITs,2003-07-17,,0001045609,current
PLTR,Palantir Technologies,Information Technology,Application Software,2024-09-23,,0001321655,current
PM,Philip Morris International,Consumer Staples,Tobacco,2008-03-31,,0001413329,current
PNC,PNC Financial Services,Financials,Diversified Banks,1988-04-30,,0000713676,current
PNR,Pentair,Industrials,Industrial Machinery & Supplies & Components,2012-10-01,,0000077360,current
PNW,Pinnacle West Capital,Utilities,Multi-Utilities,1999-10-04,,0000764622,current
PODD,Insulet Corporation,Health Care,Health Care Equipment,2023-03-15,,0001145197,current
POOL,Pool Corporation,Consumer Discretionary,Distributors,2020-10-07,,0000945841,current
PPG,PPG Industries,Materials,Specialty Chemicals,1957-03-04,,0000079879,current
PPL,PPL Corporation,Utilities,Electric Utilities,2001-10-01,,0000922224,current
PRGO,Perrigo,,,2011-12-16,2021-09-20,0001585364,added_via_changes
PRU,Prudential Financial,Financials,Life & Health Insurance,2002-07-22,,0001137774,current
PSA,Public Storage,Real Estate,Self-Storage REITs,2005-08-19,,0001393311,current
PSKY,Paramount Skydance Corporation,Communication Services,Movies & Entertainment,1994-09-30,,0002041610,current
PSX,Phillips 66,Energy,Oil & Gas Refining & Marketing,2012-04-23,,0001534701,current
PTC,PTC Inc.,Information Technology,Application Software,2021-04-20,,0000857005,current
PVH,PVH,,,2013-02-15,2022-09-19,0000078239,added_via_changes
PWR,Quanta Services,Industrials,Construction & Engineering,2009-07-01,,0001050915,current
PYPL,PayPal,Financials,Transaction & Payment Processing Services,2015-07-20,,0001633917,current
Q,Qnity Electronics,Information Technology,Semiconductor Materials & Equipment,2025-11-03,,0002058873,current
QCOM,Qualcomm,Information Technology,Semiconductors,1999-07-22,,0000804328,current
QEP,QEP Resources,,,2010-06-30,2015-07-01,,added_via_changes
QRVO,Qorvo,,,2015-06-11,2024-12-23,0001604778,added_via_changes
RCL,Royal Caribbean Group,Consumer Discretionary,"Hotels, Resorts & Cruise Lines",2014-12-05,,0000884887,current
RE,Everest Re,,,2017-06-19,,,added_via_changes
REG,Regency Centers,Real Estate,Retail REITs,2017-03-02,,0000910606,current
REGN,Regeneron Pharmaceuticals,Health Care,Biotechnology,2013-04-30,,0000872589,current
RF,Regions Financial Corporation,Financials,Regional Banks,1998-08-28,,0001281761,current
RIG,Transocean,,,2013-10-29,2017-07-26,0001451505,added_via_changes
RJF,Raymond James Financial,Financials,Investment Banking & Brokerage,2017-03-20,,0000720005,current
RL,Ralph Lauren Corporation,Consumer Discretionary,"Apparel, Accessories & Luxury Goods",2007-02-02,,0001037038,current
RMD,ResMed,Health Care,Health Care Equipment,2017-07-26,,0000943819,current
ROK,Rockwell Automation,Industrials,Electrical Components & Equipment,2000-03-12,,0001024478,current
ROL,"Rollins, Inc.",Industrials,Environmental & Facilities Services,2018-10-01,,0000084839,current
ROP,Roper Technologies,Information Technology,Electronic Equipment & Instruments,2009-12-23,,0000882835,current
ROST,Ross Stores,Consumer Discretionary,Apparel Retail,2009-12-18,,0000745732,current
RRC,Range Resources,,,2007-12-20,2018-06-18,0000315852,added_via_changes
RSG,Republic Services,Industrials,Environmental & Facilities Services,2008-12-05,,0001060391,current
RTX,RTX Corporation,Industrials,Aerospace & Defense,1957-03-04,,0000101829,current
RVTY,Revvity,Health Care,Health Care Equipment,1985-05-31,,0000031791,current
SAI,SAIC,,,2009-12-18,2013-09-20,,added_via_changes
SATS,EchoStar,Communication Services,Wireless Telecommunication Services,2026-03-23,,0001415404,current
SBAC,SBA Communications,Real Estate,Telecom Tower REITs,2017-09-01,,0001034054,current
SBL,Symbol Technologies,,,2000-12-05,2007-01-10,,added_via_changes
SBNY,Signature Bank,,,2021-12-20,2023-03-15,,added_via_changes
SBUX,Starbucks,Consumer Discretionary,Restaurants,2000-06-07,,0000829224,current
SCHW,Charles Schwab Corporation,Financials,Investment Banking & Brokerage,1997-06-02,,0000316709,current
SEDG,SolarEdge,,,2021-12-20,2023-12-18,0001419612,added_via_changes
SHW,Sherwin-Williams,Materials,Specialty Chemicals,1964-06-30,,0000089800,current
SIG,Signet Jewelers,,,2015-07-29,2018-03-19,0000832988,added_via_changes
SIVB,SVB Financial Group,,,2018-03-19,2023-03-15,,added_via_changes
SJM,J.M. Smucker Company (The),Consumer Staples,Packaged Foods & Meats,2008-11-06,,0000091419,current
SLB,Schlumberger,Energy,Oil & Gas Equipment & Services,1957-03-04,,0000087347,current
SLG,SL Green Realty,,,2015-03-23,2021-03-22,0001040971,added_via_changes
SMCI,Supermicro,Information Technology,"Technology Hardware, Storage & Peripherals",2024-03-18,,0001375365,current
SNA,Snap-on,Industrials,Industrial Machinery & Supplies & Components,1982-09-30,,0000091440,current
SNDK,Sandisk,Information Technology,"Technology Hardware, Storage & Peripherals",2025-11-28,,0002023554,current
SNPS,Synopsys,Information Technology,Application Software,2017-03-16,,0000883241,current
SO,Southern Company,Utilities,Electric Utilities,1957-03-04,,0000092122,current
SOLS,Solstice Advanced Materials,,,2025-10-30,2025-12-22,0002064953,added_via_changes
SOLV,Solventum,Health Care,Health Care Technology,2024-04-01,,0001964738,current
SPG,Simon Property Group,Real Estate,Retail REITs,2002-06-26,,0001063761,current
SPGI,S&P Global,Financials,Financial Exchanges & Data,1957-03-04,,0000064040,current
SRE,Sempra,Utilities,Multi-Utilities,2017-03-17,,0001032208,current
STE,Steris,Health Care,Health Care Equipment,2019-12-23,,0001757898,current
STLD,Steel Dynamics,Materials,Steel,2022-12-22,,0001022671,current
STT,State Street Corporation,Financials,Asset Management & Custody Banks,2003-03-14,,0000093751,current
STX,Seagate Technology,Information Technology,"Technology Hardware, Storage & Peripherals",2012-07-02,,0001137789,current
STZ,Constellation Brands,Consumer Staples,Distillers & Vintners,2005-07-01,,0000016918,current
SW,Smurfit Westrock,Materials,Paper & Plastic Packaging Products & Materials,2024-07-08,,0002005951,current
SWK,Stanley Black & Decker,Industrials,Industrial Machinery & Supplies & Components,1982-09-30,,0000093556,current
SWKS,Skyworks Solutions,Information Technology,Semiconductors,2015-03-12,,0000004127,current
SYF,Synchrony Financial,Financials,Consumer Finance,2015-11-18,,0001601712,current
SYK,Stryker Corporation,Health Care,Health Care Equipment,2000-12-12,,0000310764,current
SYY,Sysco,Consumer Staples,Food Distributors,1986-12-31,,0000096021,current
T,AT&T,Communication Services,Integrated Telecommunication Services,1983-11-30,2005-11-18,0000732717,current
TAP,Molson Coors Beverage Company,Consumer Staples,Brewers,1976-06-30,,0000024545,current
TDC,Teradata,,,2007-10-01,2017-06-19,0000816761,added_via_changes
TDG,TransDigm Group,Industrials,Aerospace & Defense,2016-06-03,,0001260221,current
TDY,Teledyne Technologies,Information Technology,Electronic Equipment & Instruments,2020-06-22,,0001094285,current
TECH,Bio-Techne,Health Care,Life Sciences Tools & Services,2021-08-30,,0000842023,current
TEL,TE Connectivity,Information Technology,Electronic Manufacturing Services,2011-10-14,,0001385157,current
TER,Teradyne,Information Technology,Semiconductor Materials & Equipment,2020-09-21,,0000097210,current
TFC,Truist Financial,Financials,Diversified Banks,1997-12-04,,0000092230,current
TFX,Teleflex,,,2019-01-18,2025-03-24,0000096943,added_via_changes
TGT,Target Corporation,Consumer Staples,Consumer Staples Merchandise Retail,1976-12-31,,0000027419,current
TJX,TJX Companies,Consumer Discretionary,Apparel Retail,1985-09-30,,0000109198,current
TKO,TKO Group Holdings,Communication Services,Movies & Entertainment,2025-03-24,,0001973266,current
TMO,Thermo Fisher Scientific,Health Care,Life Sciences Tools & Services,2004-08-03,,0000097745,current
TMUS,T-Mobile US,Communication Services,Wireless Telecommunication Services,2019-07-15,,0001283699,current
TPL,Texas Pacific Land Corporation,Energy,Oil & Gas Exploration & Production,2024-11-26,,0001811074,current
TPR,"Tapestry, Inc.",Consumer Discretionary,"Apparel, Accessories & Luxury Goods",2004-09-01,,0001116132,current
TRGP,Targa Resources,Energy,Oil & Gas Storage & Transportation,2022-10-12,,0001389170,current
TRIP,TripAdvisor,,,2011-12-20,2019-12-23,0001526520,added_via_changes
TRMB,Trimble Inc.,Information Technology,Application Software,2021-01-21,,0000864749,current
TROW,T. Rowe Price,Financials,Asset Management & Custody Banks,2019-07-29,,0001113169,current
TRV,Travelers Companies (The),Financials,Property & Casualty Insurance,2002-08-21,,0000086312,current
TSCO,Tractor Supply,Consumer Discretionary,Other Specialty Retail,2014-01-24,,0000916365,current
TSLA,"Tesla, Inc.",Consumer Discretionary,Automobile Manufacturers,2020-12-21,,0001318605,current
TSN,Tyson Foods,Consumer Staples,Packaged Foods & Meats,2005-08-10,,0000100493,current
TSO,Tesoro Corporation,,,2007-09-27,,,added_via_changes
TT,Trane Technologies,Industrials,Building Products,2010-11-17,,0001466258,current
TTD,Trade Desk (The),Communication Services,Advertising,2025-07-18,,0001671933,current
TTWO,Take-Two Interactive,Communication Services,Interactive Home Entertainment,2018-03-19,,0000946581,current
TWTR,Twitter,,,2018-06-07,2022-11-01,,added_via_changes
TXN,Texas Instruments,Information Technology,Semiconductors,2001-03-12,,0000097476,current
TXT,Textron,Industrials,Aerospace & Defense,1978-12-31,,0000217346,current
TYC,Tyco International,,,2010-08-26,2016-09-06,,added_via_changes
TYL,Tyler Technologies,Information Technology,Application Software,2020-06-22,,0000860731,current
UA,Under Armour,,,2014-05-01,2016-04-08,0001336917,added_via_changes
UA,Under Armour (Class C),,,2016-04-08,2022-06-21,0001336917,added_via_changes
UAL,United Airlines Holdings,Industrials,Passenger Airlines,2015-09-02,,0000100517,current
UBER,Uber,Industrials,Passenger Ground Transportation,2023-12-18,,0001543151,current
UDR,"UDR, Inc.",Real Estate,Multi-Family Residential REITs,2016-03-07,,0000074208,current
UHS,Universal Health Services,Health Care,Health Care Facilities,2014-09-20,,0000352915,current
ULTA,Ulta Beauty,Consumer Discretionary,Other Specialty Retail,2016-04-18,,0001403568,current
UNH,UnitedHealth Group,Health Care,Managed Health Care,1994-07-01,,0000731766,current
UNP,Union Pacific Corporation,Industrials,Rail Transportation,1957-03-04,,0000100885,current
UPS,United Parcel Service,Industrials,Air Freight & Logistics,2002-07-22,,0001090727,current
URI,United Rentals,Industrials,Trading Companies & Distributors,2014-09-20,,0001067701,current
USB,U.S. Bancorp,Financials,Diversified Banks,1999-11-01,,0000036104,current
V,Visa Inc.,Financials,Transaction & Payment Processing Services,2009-12-18,,0001403161,current
VICI,Vici Properties,Real Estate,Hotel & Resort REITs,2022-06-08,,0001705696,current
VLO,Valero Energy,Energy,Oil & Gas Refining & Marketing,2002-12-20,,0001035002,current
VLTO,Veralto,Industrials,Environmental & Facilities Services,2023-10-02,,0001967680,current
VMC,Vulcan Materials Company,Materials,Construction Materials,1999-06-30,,0001396009,current
VNT,Vontier,,,2020-10-09,2021-03-22,0001786842,added_via_changes
VRSK,Verisk Analytics,Industrials,Research & Consulting Services,2015-10-07,,0001442145,current
VRSN,Verisign,Information Technology,Internet Services & Infrastructure,2006-02-01,,0001014473,current
VRT,Vertiv,Industrials,Electrical Components & Equipment,2026-03-23,,0001674101,current
VRTX,Vertex Pharmaceuticals,Health Care,Biotechnology,2013-09-20,,0000875320,current
VST,Vistra Corp.,Utilities,Electric Utilities,2024-05-08,,0001692819,current
VTR,Ventas,Real Estate,Health Care REITs,2009-03-03,,0000740260,current
VTRS,Viatris,Health Care,Pharmaceuticals,2004-04-23,,0001792044,current
VZ,Verizon,Communication Services,Integrated Telecommunication Services,1983-11-30,,0000732712,current
WAB,Wabtec,Industrials,Construction Machinery & Heavy Transportation Equipment,2019-02-27,,0000943452,current
WAT,Waters Corporation,Health Care,Life Sciences Tools & Services,2002-01-02,,0001000697,current
WBD,Warner Bros. Discovery,Communication Services,Broadcasting,2022-04-11,,0001437107,current
WCG,WellCare,,,2018-09-14,2020-01-28,,added_via_changes
WDAY,"Workday, Inc.",Information Technology,Application Software,2024-12-23,,0001327811,current
WDC,Western Digital,Information Technology,"Technology Hardware, Storage & Peripherals",2009-07-01,,0000106040,current
WEC,WEC Energy Group,Utilities,Electric Utilities,2008-10-31,,0000783325,current
WELL,Welltower,Real Estate,Health Care REITs,2009-01-30,,0000766704,current
WFC,Wells Fargo,Financials,Diversified Banks,1976-06-30,,0000072971,current
WLP,Wellpoint,,,1999-06-09,,,added_via_changes
WLTW,Willis Towers Watson,,,2016-01-05,,,added_via_changes
WM,Waste Management,Industrials,Environmental & Facilities Services,1998-08-31,,0000823768,current
WMB,Williams Companies,Energy,Oil & Gas Storage & Transportation,1975-03-31,,0000107263,current
WMT,Walmart,Consumer Staples,Consumer Staples Merchandise Retail,1982-08-31,,0000104169,current
WPX,WPX Energy,,,2011-12-31,2014-03-21,,added_via_changes
WRB,W. R. Berkley Corporation,Financials,Property & Casualty Insurance,2019-12-05,,0000011544,current
WSM,"Williams-Sonoma, Inc.",Consumer Discretionary,Homefurnishing Retail,2025-03-24,,0000719955,current
WST,West Pharmaceutical Services,Health Care,Health Care Supplies,2020-05-22,,0000105770,current
WTW,Willis Towers Watson,Financials,Insurance Brokers,2016-01-05,,0001140536,current
WY,Weyerhaeuser,Real Estate,Timber REITs,1979-10-01,,0000106535,current
WYNN,Wynn Resorts,Consumer Discretionary,Casinos & Gaming,2008-11-14,,0001174922,current
XEC,Cimarex Energy,,,2014-06-20,2020-03-02,,added_via_changes
XEL,Xcel Energy,Utilities,Multi-Utilities,1957-03-04,,0000072903,current
XOM,ExxonMobil,Energy,Integrated Oil & Gas,1957-03-04,,0000034088,current
XYL,Xylem Inc.,Industrials,Industrial Machinery & Supplies & Components,2011-10-31,,0001524472,current
XYZ,"Block, Inc.",Financials,Transaction & Payment Processing Services,2025-07-23,,0001512673,current
YHOO,Yahoo!,,,1999-12-08,2017-06-19,,added_via_changes
YUM,Yum! Brands,Consumer Discretionary,Restaurants,1997-10-06,,0001041061,current
ZBH,Zimmer Biomet,Health Care,Health Care Equipment,2001-08-07,,0001136869,current
ZBRA,Zebra Technologies,Information Technology,Electronic Equipment & Instruments,2019-12-23,,0000877212,current
ZTS,Zoetis,Health Care,Pharmaceuticals,2013-06-21,,0001555280,current
